<?xml version="1.0" encoding="utf-8"?><FORMINFO FORMNUM="REO" FILENUM="" VENDOR="ALAMODE" CASE_NO="" FORMVERSION="12-2010" xmlns:fo="http://www.w3.org/1999/XSL/Format"><SUBJECT><ADDR><STREET>790 Lost Valley</STREET><CITY>Dripping Springs</CITY><STATEPROV>Tx</STATEPROV><ZIP>78620</ZIP></ADDR><LEGAL><DESCRIPTION>REO LEGAL</DESCRIPTION></LEGAL><COUNTY>REO COUNTY</COUNTY><CURRENTLISTED>YES</CURRENTLISTED></SUBJECT><LISTINGCOMP><UNLABELED><NAME>ITEM1</NAME><DESCRIPTION>item1subj</DESCRIPTION></UNLABELED><UNLABELEDTWO><NAME>ITEM2</NAME><DESCRIPTION></DESCRIPTION></UNLABELEDTWO><UNLABELEDTHREE><NAME>ITEM3</NAME><DESCRIPTION></DESCRIPTION></UNLABELEDTHREE><LISTPRICE><CURRENT>123,456</CURRENT></LISTPRICE><COMPANYAGENT><NAME>REO AGENT</NAME></COMPANYAGENT><COMPANY><NAME>REO CO NAME</NAME><ADDR><STREET>REO CO ADDR</STREET><CITY>REO CO CITY</CITY><STATEPROV>CA</STATEPROV><ZIP>94110</ZIP></ADDR></COMPANY><SUBJECT><ADDR><STREET>790 Lost Valley </STREET><CITY>Dripping Springs</CITY><STATEPROV>Tx</STATEPROV><ZIP>78620</ZIP></ADDR><ORIGINALPRICE>1,000</ORIGINALPRICE><MARKETDAYS>10</MARKETDAYS><LISTINGPRICE>123,456</LISTINGPRICE><PRICEREVISIONDAYS>11</PRICEREVISIONDAYS><SALE><DATE>01/01/01</DATE></SALE><PRICEGROSSLIVING>1,112.22</PRICEGROSSLIVING><DATA>SUBJDATA</DATA><VERIFICATION>subjdataverif</VERIFICATION><REOPROPERTY><RESPONSE>YES</RESPONSE></REOPROPERTY><OCCUPANCY><DESCRIPTION>vacant</DESCRIPTION></OCCUPANCY><CONCESSIONS><SALES>concsubj</SALES></CONCESSIONS><LOCATION></LOCATION><SITE></SITE><VIEW></VIEW><DESIGNSTYLE></DESIGNSTYLE><CONSTRUCT></CONSTRUCT><AGEYRS>12</AGEYRS><CONDITION></CONDITION><ABOVEGRADE><ROOMTOT>1</ROOMTOT><BEDROOMS>2</BEDROOMS><BATH>3</BATH></ABOVEGRADE><LIVINGSQFT>111</LIVINGSQFT><BASEMENT>subjbmt1</BASEMENT><BASEMENTFINISH>subjbsmt2</BASEMENTFINISH><FUNCTIONAL></FUNCTIONAL><HEATINGCOOL></HEATINGCOOL><GARAGE></GARAGE></SUBJECT><LISTCOMPS COMPNUM="1"><ADDR><STREET>listing 1 st. listing 1 city</STREET><CITY>ca</CITY><STATEPROV></STATEPROV><ZIP>, 11111</ZIP></ADDR><PROXIMITY>1.00 mi e</PROXIMITY><ORIGINALPRICE>1,111</ORIGINALPRICE><MARKETDAYS>11</MARKETDAYS><LISTINGPRICE>1,112</LISTINGPRICE><PRICEREVISIONDAYS>11</PRICEREVISIONDAYS><SALE><DATE>01/01/01</DATE></SALE><PRICEGROSSLIVING>5.01</PRICEGROSSLIVING><DATA>LIST1DATA</DATA><VERIFICATION>list1datav</VERIFICATION><REOPROPERTY><RESPONSE>NO</RESPONSE></REOPROPERTY><OCCUPANCY><DESCRIPTION>occpulied</DESCRIPTION></OCCUPANCY><CONCESSIONS><SALES><DESCRIPTION>list1conc</DESCRIPTION><ADJUST>+1</ADJUST></SALES></CONCESSIONS><LOCATION></LOCATION><LOCATIONADJUST></LOCATIONADJUST><SITE></SITE><SITEADJUST></SITEADJUST><VIEW></VIEW><VIEWADJUST></VIEWADJUST><DESIGNSTYLE></DESIGNSTYLE><DESIGNSTYLEADJUST></DESIGNSTYLEADJUST><CONSTRUCT></CONSTRUCT><CONSTRUCTADJUST></CONSTRUCTADJUST><AGEYRS></AGEYRS><AGEYRSADJUST></AGEYRSADJUST><CONDITION></CONDITION><CONDITIONADJUST></CONDITIONADJUST><ABOVEGRADE><ROOMTOT>1</ROOMTOT><BEDROOMS>2</BEDROOMS><BATH>3</BATH><ADJUST>+555</ADJUST><ADJUST2>+888</ADJUST2></ABOVEGRADE><LIVINGSQFT>222</LIVINGSQFT><LIVINGSQFTADJUST>+112</LIVINGSQFTADJUST><BASEMENT>list1bsmt1</BASEMENT><BASEMENTADJUST></BASEMENTADJUST><BASEMENTFINISH>list1bsmt2</BASEMENTFINISH><BASEMENTFINISHADJUST></BASEMENTFINISHADJUST><FUNCTIONAL></FUNCTIONAL><FUNCTIONALADJUST></FUNCTIONALADJUST><HEATINGCOOL></HEATINGCOOL><HEATINGCOOLADJUST></HEATINGCOOLADJUST><GARAGE></GARAGE><GARAGEADJUST></GARAGEADJUST><UNLABELED><ADJUST>+12</ADJUST><DESCRIPTION>item1list1</DESCRIPTION></UNLABELED><UNLABELEDTWO><ADJUST></ADJUST><DESCRIPTION></DESCRIPTION></UNLABELEDTWO><UNLABELEDTHREE><ADJUST></ADJUST><DESCRIPTION></DESCRIPTION></UNLABELEDTHREE><TOTDAYSMARKET>1</TOTDAYSMARKET><NETADJUST><POSNEG>POSITIVE</POSNEG><TOT>1,568</TOT></NETADJUST><ADJUSTSALESNET>141.0</ADJUSTSALESNET><ADJUSTSALESGROSS>141.0</ADJUSTSALESGROSS><ADJUSTSALESPRICE>2,680</ADJUSTSALESPRICE></LISTCOMPS><LISTCOMPS COMPNUM="2"><ADDR><STREET>listing 2 st. listing 2 city</STREET><CITY>la</CITY><STATEPROV></STATEPROV><ZIP>, 22222</ZIP></ADDR><PROXIMITY>2.00 mi w</PROXIMITY><ORIGINALPRICE>2,222</ORIGINALPRICE><MARKETDAYS>22</MARKETDAYS><LISTINGPRICE>2,223</LISTINGPRICE><PRICEREVISIONDAYS>22</PRICEREVISIONDAYS><SALE><DATE>02/02/02</DATE></SALE><PRICEGROSSLIVING>6.68</PRICEGROSSLIVING><DATA>list2data</DATA><VERIFICATION>list2datav</VERIFICATION><REOPROPERTY><RESPONSE>YES</RESPONSE></REOPROPERTY><OCCUPANCY><DESCRIPTION>vacant</DESCRIPTION></OCCUPANCY><CONCESSIONS><SALES><DESCRIPTION>list2conc</DESCRIPTION><ADJUST>+2</ADJUST></SALES></CONCESSIONS><LOCATION></LOCATION><LOCATIONADJUST></LOCATIONADJUST><SITE></SITE><SITEADJUST></SITEADJUST><VIEW></VIEW><VIEWADJUST></VIEWADJUST><DESIGNSTYLE></DESIGNSTYLE><DESIGNSTYLEADJUST></DESIGNSTYLEADJUST><CONSTRUCT></CONSTRUCT><CONSTRUCTADJUST></CONSTRUCTADJUST><AGEYRS></AGEYRS><AGEYRSADJUST></AGEYRSADJUST><CONDITION></CONDITION><CONDITIONADJUST></CONDITIONADJUST><ABOVEGRADE><ROOMTOT>1</ROOMTOT><BEDROOMS>2</BEDROOMS><BATH>3</BATH><ADJUST>+666</ADJUST><ADJUST2>+999</ADJUST2></ABOVEGRADE><LIVINGSQFT>333</LIVINGSQFT><LIVINGSQFTADJUST>+223</LIVINGSQFTADJUST><BASEMENT>list2bsmt1</BASEMENT><BASEMENTADJUST></BASEMENTADJUST><BASEMENTFINISH>list2bsmt2</BASEMENTFINISH><BASEMENTFINISHADJUST></BASEMENTFINISHADJUST><FUNCTIONAL></FUNCTIONAL><FUNCTIONALADJUST></FUNCTIONALADJUST><HEATINGCOOL></HEATINGCOOL><HEATINGCOOLADJUST></HEATINGCOOLADJUST><GARAGE></GARAGE><GARAGEADJUST></GARAGEADJUST><UNLABELED><ADJUST>+222</ADJUST><DESCRIPTION>item1list2</DESCRIPTION></UNLABELED><UNLABELEDTWO><ADJUST></ADJUST><DESCRIPTION></DESCRIPTION></UNLABELEDTWO><UNLABELEDTHREE><ADJUST></ADJUST><DESCRIPTION></DESCRIPTION></UNLABELEDTHREE><TOTDAYSMARKET>2</TOTDAYSMARKET><NETADJUST><POSNEG>POSITIVE</POSNEG><TOT>2,112</TOT></NETADJUST><ADJUSTSALESNET>95.0</ADJUSTSALESNET><ADJUSTSALESGROSS>95.0</ADJUSTSALESGROSS><ADJUSTSALESPRICE>4,335</ADJUSTSALESPRICE></LISTCOMPS><LISTCOMPS COMPNUM="3"><ADDR><STREET>listing 3 st. listing 3 city</STREET><CITY>ct</CITY><STATEPROV></STATEPROV><ZIP>, 33333</ZIP></ADDR><PROXIMITY>3.00 mi n</PROXIMITY><ORIGINALPRICE>3,333</ORIGINALPRICE><MARKETDAYS>33</MARKETDAYS><LISTINGPRICE>3,334</LISTINGPRICE><PRICEREVISIONDAYS>33</PRICEREVISIONDAYS><SALE><DATE>03/03/03</DATE></SALE><PRICEGROSSLIVING>7.51</PRICEGROSSLIVING><DATA>list3data</DATA><VERIFICATION>list3datav</VERIFICATION><REOPROPERTY><RESPONSE>NO</RESPONSE></REOPROPERTY><OCCUPANCY><DESCRIPTION>occuppied</DESCRIPTION></OCCUPANCY><CONCESSIONS><SALES><DESCRIPTION>list3conc</DESCRIPTION><ADJUST>+3</ADJUST></SALES></CONCESSIONS><LOCATION></LOCATION><LOCATIONADJUST></LOCATIONADJUST><SITE></SITE><SITEADJUST></SITEADJUST><VIEW></VIEW><VIEWADJUST></VIEWADJUST><DESIGNSTYLE></DESIGNSTYLE><DESIGNSTYLEADJUST></DESIGNSTYLEADJUST><CONSTRUCT></CONSTRUCT><CONSTRUCTADJUST></CONSTRUCTADJUST><AGEYRS></AGEYRS><AGEYRSADJUST></AGEYRSADJUST><CONDITION></CONDITION><CONDITIONADJUST></CONDITIONADJUST><ABOVEGRADE><ROOMTOT>1</ROOMTOT><BEDROOMS>2</BEDROOMS><BATH>3</BATH><ADJUST>+777</ADJUST><ADJUST2>+9,999</ADJUST2></ABOVEGRADE><LIVINGSQFT>444</LIVINGSQFT><LIVINGSQFTADJUST>+334</LIVINGSQFTADJUST><BASEMENT>list3bsmt1</BASEMENT><BASEMENTADJUST>+12</BASEMENTADJUST><BASEMENTFINISH>list3bsmt2</BASEMENTFINISH><BASEMENTFINISHADJUST>+13</BASEMENTFINISHADJUST><FUNCTIONAL></FUNCTIONAL><FUNCTIONALADJUST></FUNCTIONALADJUST><HEATINGCOOL></HEATINGCOOL><HEATINGCOOLADJUST></HEATINGCOOLADJUST><GARAGE></GARAGE><GARAGEADJUST></GARAGEADJUST><UNLABELED><ADJUST>+213</ADJUST><DESCRIPTION>item1list3</DESCRIPTION></UNLABELED><UNLABELEDTWO><ADJUST></ADJUST><DESCRIPTION></DESCRIPTION></UNLABELEDTWO><UNLABELEDTHREE><ADJUST></ADJUST><DESCRIPTION></DESCRIPTION></UNLABELEDTHREE><TOTDAYSMARKET>3</TOTDAYSMARKET><NETADJUST><POSNEG>POSITIVE</POSNEG><TOT>11,351</TOT></NETADJUST><ADJUSTSALESNET>340.5</ADJUSTSALESNET><ADJUSTSALESGROSS>340.5</ADJUSTSALESGROSS><ADJUSTSALESPRICE>14,685</ADJUSTSALESPRICE></LISTCOMPS><VALUEDIFFERENCES></VALUEDIFFERENCES><POSNEGFACTORS></POSNEGFACTORS><REPAIR NUM="1"><ITEM>repair 1</ITEM><ESTCOST>1,111</ESTCOST><TOTALCOST>1,111</TOTALCOST></REPAIR><REPAIR NUM="2"><ITEM></ITEM><ESTCOST></ESTCOST></REPAIR><REPAIR NUM="3"><ITEM></ITEM><ESTCOST></ESTCOST></REPAIR><REPAIR NUM="4"><ITEM></ITEM><ESTCOST></ESTCOST></REPAIR><REPAIR NUM="5"><ITEM></ITEM><ESTCOST></ESTCOST></REPAIR><REPAIR NUM="6"><ITEM></ITEM><ESTCOST></ESTCOST></REPAIR><REPAIR NUM="7"><ITEM></ITEM><ESTCOST></ESTCOST></REPAIR><REPAIR NUM="8"><ITEM></ITEM><ESTCOST></ESTCOST></REPAIR><REPAIR NUM="9"><ITEM></ITEM><ESTCOST></ESTCOST></REPAIR><REPAIR NUM="10"><ITEM></ITEM><ESTCOST></ESTCOST></REPAIR><REPAIR NUM="11"><ITEM></ITEM><ESTCOST></ESTCOST></REPAIR><REPAIR NUM="12"><ITEM></ITEM><ESTCOST></ESTCOST></REPAIR><RECOMMENDEDINSPECTIONS>recommended inspection comment</RECOMMENDEDINSPECTIONS><TOTDAYSMARKET><COMMENTS>dom comment</COMMENTS></TOTDAYSMARKET></LISTINGCOMP><RECONCIL><ESTMARKETVALUE><NORMALMKTTIME><ASIS><AMT>111</AMT></ASIS><ASISREPAIRED><AMT>222</AMT></ASISREPAIRED></NORMALMKTTIME><EXTENDEDMKTTIME><ASIS><AMT>333</AMT><EXPOSURETIME>11</EXPOSURETIME></ASIS><ASISREPAIRED><AMT>444</AMT><EXPOSURETIME>22</EXPOSURETIME></ASISREPAIRED></EXTENDEDMKTTIME></ESTMARKETVALUE></RECONCIL><APPRAISER><NAME></NAME><SIGNED><DATE></DATE></SIGNED><STATELIC><NUM>123123123</NUM><STATEPROV>CA</STATEPROV></STATELIC><STATECERT><NUM></NUM><STATEPROV></STATEPROV></STATECERT><LICCERTEXP><DATE>07/31/2020</DATE></LICCERTEXP></APPRAISER><SUPAPPRAISER><NAME>bob the builder</NAME><SIGNED><DATE></DATE></SIGNED><STATELIC><NUM></NUM><STATEPROV></STATEPROV></STATELIC><STATECERT><NUM></NUM><STATEPROV></STATEPROV></STATECERT><LICCERTEXP><DATE></DATE></LICCERTEXP></SUPAPPRAISER><ADDENDUMS><SIGNATURE><APPRAISER><FILENAME>Appraiser.JPG</FILENAME><FILETYPE>JPEG</FILETYPE></APPRAISER></SIGNATURE></ADDENDUMS></FORMINFO>