<?xml version="1.0" encoding="utf-8"?><FORMINFO FORMNUM="216" FILENUM="" VENDOR="ALAMODE" CASE_NO="" xmlns:fo="http://www.w3.org/1999/XSL/Format"><SUBJECT><ADDR><STREET>790 Lost Valley</STREET><CITY>Dripping Springs</CITY><STATEPROV>Tx</STATEPROV><ZIP>78620</ZIP></ADDR><COUNTY>REO COUNTY</COUNTY></SUBJECT><APPRAISER><NAME></NAME><SIGNED><DATE></DATE></SIGNED></APPRAISER><UNDERWRITER><NAME></NAME><SIGNED><DATE></DATE></SIGNED><COMMENT></COMMENT></UNDERWRITER><COMMENT><COMMENTS></COMMENTS></COMMENT><RENTSCHEDULE><STATE><UNITONE><ISRENTED></ISRENTED><ISNOTRENTED></ISNOTRENTED></UNITONE><UNITTWO><ISRENTED></ISRENTED><ISNOTRENTED></ISNOTRENTED></UNITTWO><UNITTHREE><ISRENTED></ISRENTED><ISNOTRENTED></ISNOTRENTED></UNITTHREE><UNITFOUR><ISRENTED></ISRENTED><ISNOTRENTED></ISNOTRENTED></UNITFOUR></STATE><LEASES><UNITONE><ENDDATE></ENDDATE></UNITONE><UNITTWO><ENDDATE></ENDDATE></UNITTWO><UNITTHREE><ENDDATE></ENDDATE></UNITTHREE><UNITFOUR><ENDDATE></ENDDATE></UNITFOUR></LEASES><ACTUALRENTS><UNITONE><UNFURNISHED></UNFURNISHED></UNITONE><UNITTWO><UNFURNISHED></UNFURNISHED></UNITTWO><UNITTHREE><UNFURNISHED></UNFURNISHED></UNITTHREE><UNITFOUR><UNFURNISHED></UNFURNISHED></UNITFOUR><TOTRENTS></TOTRENTS></ACTUALRENTS><MKTRENTS><UNITONE><UNFURNISHED></UNFURNISHED></UNITONE><UNITTWO><UNFURNISHED></UNFURNISHED></UNITTWO><UNITTHREE><UNFURNISHED></UNFURNISHED></UNITTHREE><UNITFOUR><UNFURNISHED></UNFURNISHED></UNITFOUR><TOTRENTS></TOTRENTS></MKTRENTS><UTILITIES TYPE="ELECTRICITY"><PAIDBY /></UTILITIES><UTILITIES TYPE="GAS"><PAIDBY /></UTILITIES><UTILITIES TYPE="OIL"><PAIDBY /></UTILITIES><UTILITIES TYPE="OTHERFUEL"><PAIDBY /></UTILITIES><UTILITIES TYPE="WATERSEWER"><PAIDBY /></UTILITIES><UTILITIES TYPE="TRASH"><PAIDBY /></UTILITIES><UTILITIES TYPE="TRASH"><PAIDBY /></UTILITIES></RENTSCHEDULE><PROJECTIONS><INCOME TYPE="GROSSRENTAL"><AMT></AMT><ADJUST></ADJUST></INCOME><INCOME TYPE="OTHERINCOME"><DESCRIPTION></DESCRIPTION><AMT></AMT><ADJUST></ADJUST></INCOME><INCOME TYPE="TOTAL"><DESCRIPTION></DESCRIPTION><AMT></AMT><ADJUST></ADJUST></INCOME><INCOME TYPE="LESSVACANT"><AMT></AMT><AMTPERCENT></AMTPERCENT><ADJUST></ADJUST><ADJUSTPERCENT></ADJUSTPERCENT></INCOME><INCOME TYPE="EFFGROSS"><AMT></AMT><ADJUST></ADJUST></INCOME><INCOME TYPE="OPERINC"><AMT></AMT></INCOME><INCOME TYPE="MONOPERINC"><AMT></AMT></INCOME><INCOME TYPE="MONOPERINC2"><AMT></AMT></INCOME><CASHFLOW><AMT></AMT></CASHFLOW><EXPENSE TYPE="MONHOUSEEX"><AMT></AMT></EXPENSE><EXPENSE TYPE="ELECTRIC"><AMT></AMT><ADJUST></ADJUST></EXPENSE><EXPENSE TYPE="GAS"><AMT></AMT><ADJUST></ADJUST></EXPENSE><EXPENSE TYPE="OIL"><AMT></AMT><ADJUST></ADJUST></EXPENSE><EXPENSE TYPE="FUEL"><AMT></AMT><ADJUST></ADJUST><DESCRIPTION></DESCRIPTION></EXPENSE><EXPENSE TYPE="WATERSEWER"><AMT></AMT><ADJUST></ADJUST></EXPENSE><EXPENSE TYPE="TRASH"><AMT></AMT><ADJUST></ADJUST></EXPENSE><EXPENSE TYPE="PEST"><AMT></AMT><ADJUST></ADJUST></EXPENSE><EXPENSE TYPE="TAXLIC"><AMT></AMT><ADJUST></ADJUST><DESCRIPTION></DESCRIPTION></EXPENSE><EXPENSE TYPE="LABOR"><AMT></AMT><ADJUST></ADJUST></EXPENSE><EXPENSE TYPE="PAINT"><AMT></AMT><ADJUST></ADJUST></EXPENSE><EXPENSE TYPE="REPAIRS"><AMT></AMT><ADJUST></ADJUST></EXPENSE><EXPENSE TYPE="MGMT"><AMT></AMT><ADJUST></ADJUST></EXPENSE><EXPENSE TYPE="SUPPLIES"><AMT></AMT><ADJUST></ADJUST></EXPENSE><EXPENSE TYPE="REPRES"><AMT></AMT><ADJUST></ADJUST></EXPENSE><EXPENSE TYPE="TOTALOPEX"><AMT></AMT><ADJUST></ADJUST></EXPENSE><EXPENSE TYPE="MISC1"><AMT></AMT><ADJUST></ADJUST><DESCRIPTION></DESCRIPTION></EXPENSE><EXPENSE TYPE="MISC2"><AMT></AMT><ADJUST></ADJUST><DESCRIPTION></DESCRIPTION></EXPENSE><EXPENSE TYPE="MISC3"><AMT></AMT><ADJUST></ADJUST><DESCRIPTION></DESCRIPTION></EXPENSE><EXPENSE TYPE="MISC4"><AMT></AMT><ADJUST></ADJUST><DESCRIPTION></DESCRIPTION></EXPENSE><EXPENSE TYPE="MISC5"><AMT></AMT><ADJUST></ADJUST><DESCRIPTION></DESCRIPTION></EXPENSE><EXPENSE TYPE="MISC6"><AMT></AMT><ADJUST></ADJUST><DESCRIPTION></DESCRIPTION></EXPENSE><EXPENSE TYPE="MISC7"><AMT></AMT><ADJUST></ADJUST><DESCRIPTION></DESCRIPTION></EXPENSE><EXPENSE TYPE="MISC8"><AMT></AMT><ADJUST></ADJUST><DESCRIPTION></DESCRIPTION></EXPENSE><EXPENSE TYPE="MISC9"><AMT></AMT><ADJUST></ADJUST><DESCRIPTION></DESCRIPTION></EXPENSE><EXPENSE TYPE="STOVE"><CPU></CPU><REMLIFE></REMLIFE><NUMUNITS></NUMUNITS><AMT></AMT><ADJUST></ADJUST></EXPENSE><EXPENSE TYPE="FRIG"><CPU></CPU><REMLIFE></REMLIFE><NUMUNITS></NUMUNITS><AMT></AMT><ADJUST></ADJUST></EXPENSE><EXPENSE TYPE="DWASH"><CPU></CPU><REMLIFE></REMLIFE><NUMUNITS></NUMUNITS><AMT></AMT><ADJUST></ADJUST></EXPENSE><EXPENSE TYPE="ACUNITS"><CPU></CPU><REMLIFE></REMLIFE><NUMUNITS></NUMUNITS><AMT></AMT><ADJUST></ADJUST></EXPENSE><EXPENSE TYPE="WASHDRY"><CPU></CPU><REMLIFE></REMLIFE><NUMUNITS></NUMUNITS><AMT></AMT><ADJUST></ADJUST></EXPENSE><EXPENSE TYPE="HEATER"><CPU></CPU><REMLIFE></REMLIFE><NUMUNITS></NUMUNITS><AMT></AMT><ADJUST></ADJUST></EXPENSE><EXPENSE TYPE="FURNACE"><CPU></CPU><REMLIFE></REMLIFE><NUMUNITS></NUMUNITS><AMT></AMT><ADJUST></ADJUST></EXPENSE><EXPENSE TYPE="OTHER1EQUIP"><DESCRIPTION></DESCRIPTION><CPU></CPU><REMLIFE></REMLIFE><NUMUNITS></NUMUNITS><AMT></AMT><ADJUST></ADJUST></EXPENSE><EXPENSE TYPE="ROOF"><CPU></CPU><REMLIFE></REMLIFE><AMT></AMT><ADJUST></ADJUST></EXPENSE><EXPENSE TYPE="CARPUNITS"><SQYDS></SQYDS><CPU></CPU><REMLIFE></REMLIFE><AMT></AMT><ADJUST></ADJUST></EXPENSE><EXPENSE TYPE="CARPPUB"><SQYDS></SQYDS><CPU></CPU><REMLIFE></REMLIFE><AMT></AMT><ADJUST></ADJUST></EXPENSE><EXPENSE TYPE="REPRES"><AMT></AMT><ADJUST></ADJUST></EXPENSE></PROJECTIONS><SUBJECT><COUNTY>REO COUNTY</COUNTY><BORROWER>1004 with additional comps</BORROWER></SUBJECT><LENDERCLIENT><NAME></NAME></LENDERCLIENT><ADDENDUMS><SIGNATURE><APPRAISER><FILENAME>Appraiser.JPG</FILENAME><FILETYPE>JPEG</FILETYPE></APPRAISER></SIGNATURE></ADDENDUMS></FORMINFO>