<?xml version="1.0" encoding="utf-8"?><FORMINFO UADVERSION="UAD Version 9/2011" FORMNUM="1004" FILENUM="" VENDOR="ALAMODE" CASE_NO="" FORMVERSION="3-2005" xmlns:fo="http://www.w3.org/1999/XSL/Format"><SUBJECT><ADDR><STREET>790 Lost Valley</STREET><CITY>Dripping Springs</CITY><STATEPROV>Tx</STATEPROV><ZIP>78620</ZIP><GEOCODE><LATITUDE /><LONGITUDE /></GEOCODE><PROPERTYID></PROPERTYID></ADDR><LEGAL><DESCRIPTION>REO LEGAL</DESCRIPTION></LEGAL><COUNTY>REO COUNTY</COUNTY><ASSESPARCEL><NUM></NUM></ASSESPARCEL><TAXYEAR></TAXYEAR><RETAXES></RETAXES><SPECIALASSESS></SPECIALASSESS><PROPRIGHTS>LEASEHOLD</PROPRIGHTS><PROPRIGHTSDESC></PROPRIGHTSDESC><MAPREF></MAPREF><CENSUSTRACT></CENSUSTRACT><BORROWER>1004 with additional comps</BORROWER><CURRENTOWNER></CURRENTOWNER><CURRENTOCCUPANT /><NBRHOODPROJNAME></NBRHOODPROJNAME><PROJ><TYPE /><DESCRIPTION></DESCRIPTION></PROJ><HOMEOWNERASSNFEE></HOMEOWNERASSNFEE><HOMEOWNERASSNRESPONSE /><APPRAISAL><PURPOSE><RESPONSE /><DESCRIPTION></DESCRIPTION></PURPOSE></APPRAISAL><SALES><PRICE></PRICE><DATE></DATE></SALES><LOANCHARGE><RESPONSE /><DESCRIPTION></DESCRIPTION></LOANCHARGE><SOLDLISTED VALUE=""><PRICE></PRICE></SOLDLISTED></SUBJECT><LENDERCLIENT><NAME>No AMC</NAME><COMPANY><NAME></NAME></COMPANY><ADDR><STREET></STREET></ADDR><EMAIL></EMAIL></LENDERCLIENT><NBRHOOD><LOCATION>SUBURBAN</LOCATION><BUILTUP>OVER 75%</BUILTUP><GROWTHRATE>STABLE</GROWTHRATE><PROPVALUES>STABLE</PROPVALUES><DEMANDSUPPLY>SHORTAGE</DEMANDSUPPLY><MARKETINGTIME>UNDER 3 MOS.</MARKETINGTIME><NBRHOODBOUNDARIES></NBRHOODBOUNDARIES><SINGLEFAM><PRICE><HIGH></HIGH><LOW></LOW><PREDOMINANT></PREDOMINANT></PRICE><AGE><HIGH></HIGH><LOW></LOW><PREDOMINANT></PREDOMINANT></AGE></SINGLEFAM><OCCUPANCY><OWNER><PERCENT></PERCENT></OWNER></OCCUPANCY><MARKETCONDITIONS></MARKETCONDITIONS><LANDUSE><ONEFAM></ONEFAM><TWOFOURFAM></TWOFOURFAM><MULTIFAM></MULTIFAM><COMMERCIAL></COMMERCIAL><OTHER><PERCENT></PERCENT></OTHER></LANDUSE></NBRHOOD><SITE><DIMENSIONS></DIMENSIONS><AREA></AREA><SHAPE></SHAPE><VIEW></VIEW><ZONING><SPECIFIC></SPECIFIC><DESCRIPTION></DESCRIPTION><COMPLIANCE /><RESPONSE /></ZONING><HIGHESTBESTUSE HIGHESTBESTUSE=""><DESCRIPTION></DESCRIPTION></HIGHESTBESTUSE><UTILITIES><ELECTRIC><PUBLIC /><OTHER /><OTHERDESCRIPTION></OTHERDESCRIPTION></ELECTRIC><GAS><PUBLIC /><OTHER /><OTHERDESCRIPTION></OTHERDESCRIPTION></GAS><WATER><PUBLIC /><OTHER /><OTHERDESC></OTHERDESC></WATER><SANITARYSEWER><PUBLIC /><OTHER /><OTHERDESCRIPTION></OTHERDESCRIPTION></SANITARYSEWER></UTILITIES><OFFSIGHTIMPROVE><STREET><TYPE></TYPE><PUBLICPRIVATE></PUBLICPRIVATE></STREET><ALLEY><TYPE></TYPE><PUBLICPRIVATE></PUBLICPRIVATE></ALLEY></OFFSIGHTIMPROVE><UTILITIESOFFSIGHT VALUE="NO"><DESCRIPTION>test</DESCRIPTION></UTILITIESOFFSIGHT><APPARENTCONDITIONS VALUE=""><DESCRIPTION></DESCRIPTION></APPARENTCONDITIONS><SALESHISTORY><RESPONSE /><DESCRIPTION></DESCRIPTION><PRIORSALES><RESPONSE /></PRIORSALES><SOURCE></SOURCE></SALESHISTORY><SALESCONTRACT><RESPONSE /><DESCRIPTION></DESCRIPTION><PRICE></PRICE><DATE></DATE></SALESCONTRACT><FEMA><FLOODHAZARD /><ZONE></ZONE><MAP><NUM></NUM><DATE></DATE></MAP></FEMA><DRIVEWAYSURFACE></DRIVEWAYSURFACE></SITE><IMPROVEMENTS><GENERAL><UNITS><NUMRESPONSE /></UNITS><STORIES><NUM></NUM></STORIES><TYPE /><EXISTING /><DESIGNSTYLE></DESIGNSTYLE><YRBUILT>2011</YRBUILT><EFFECTIVEAGEYRS>1</EFFECTIVEAGEYRS><ECONOMICLIFEYRS></ECONOMICLIFEYRS></GENERAL><CARSTORAGE><GARAGE GARAGE=""><CARS><NUM></NUM></CARS></GARAGE><CARPORT CARPORT=""><CARS><NUM></NUM></CARS></CARPORT><DRIVEWAY /><NONE /><ATTACHED /><DETACHED /><BUILTIN /><CARS><NUM></NUM></CARS></CARSTORAGE><EXTERIOR><FACTORYHOUSING><RESPONSE /></FACTORYHOUSING><ROOFSURFACE></ROOFSURFACE><WALLS></WALLS><FOUNDATION></FOUNDATION><GUTTERDWNSPTS></GUTTERDWNSPTS><WINDOWTYPE><NAME></NAME><STORMSASH></STORMSASH><SCREENS></SCREENS></WINDOWTYPE></EXTERIOR><INTERIOR><WALLS></WALLS><FLOORS></FLOORS><TRIMFINISH></TRIMFINISH><BATHFLOOR></BATHFLOOR><BATHWAINSCOT></BATHWAINSCOT></INTERIOR><FOUNDATION><FULL /><PARTIAL /><CRAWLSPACE /><SLAB /><SUMPPUMP /><DAMPNESS /><INFESTATION /><SETTLEMENT /></FOUNDATION><BASEMENT><AREASQFT></AREASQFT><FINISHED></FINISHED><OUTSIDEENTRY /></BASEMENT><ROOMS><BASEMENT><OTHER /></BASEMENT></ROOMS><ATTIC><NONE /><STAIRS /><DROPSTAIR /><FLOOR /><FINISHED /><SCUTTLE /><HEATED /></ATTIC><EVIDENCEREPAIRS VALUE=""><DESCRIPTION></DESCRIPTION></EVIDENCEREPAIRS><PHYSICALDEFICIENCIES VALUE=""><DESCRIPTION></DESCRIPTION></PHYSICALDEFICIENCIES><PHYSICALCONDITIONS VALUE=""><DESCRIPTION></DESCRIPTION></PHYSICALCONDITIONS><PROPCONFORMNBRHOOD VALUE=""><DESCRIPTION></DESCRIPTION></PROPCONFORMNBRHOOD><UNITSCOMPLETED VALUE=""><DESCRIPTION></DESCRIPTION></UNITSCOMPLETED><HEATING><FWA /><HWBB /><RADIANT /><OTHER /><DESCRIPTION></DESCRIPTION><FUEL></FUEL></HEATING><COOLING><CENTRAL /><INDIVIDUAL /><OTHERVALUE /><OTHER></OTHER></COOLING><AMENITIES><WOODSTOVE WOODSTOVE=""><NUM></NUM></WOODSTOVE><FIREPLACE FIREPLACE=""><NUM></NUM></FIREPLACE><FENCE FENCE=""><DESCRIPTION></DESCRIPTION></FENCE><PATIO PATIO=""><DESCRIPTION></DESCRIPTION></PATIO><PORCH PORCH=""><DESCRIPTION></DESCRIPTION></PORCH><POOL POOL=""><DESCRIPTION></DESCRIPTION></POOL><OTHER OTHER=""><DESCRIPTION></DESCRIPTION></OTHER></AMENITIES><KITCHENEQUIP><REFRIG /><RANGEOVEN /><DISHWASHER /><DISPOSAL /><MICROWAVE /><WASHERDRYER /><OTHER VALUE=""><DESCRIPTION></DESCRIPTION></OTHER></KITCHENEQUIP><ABOVEGRADE><ROOMS>1</ROOMS><BEDROOMS>2</BEDROOMS><BATHS>3.0</BATHS><AREASQFT>111</AREASQFT></ABOVEGRADE></IMPROVEMENTS><COMMENT><ADVERSECONDITIONS VALUE=""></ADVERSECONDITIONS><CONDITIONIMPROVE></CONDITIONIMPROVE><ADDITIONAL>Personal Property
See my attached Resume</ADDITIONAL></COMMENT><RECONCIL><INDICATEDVALUESALES></INDICATEDVALUESALES><INDICATEDVALUEINCOME><TOT></TOT><ESTMARKETRENT></ESTMARKETRENT><RENTMULTIPLIER></RENTMULTIPLIER></INDICATEDVALUEINCOME><COMMENTSINCOMEAPPROACH></COMMENTSINCOMEAPPROACH><FINALRECON></FINALRECON><APPRAISALMADE></APPRAISALMADE><CONDITIONAPPRAISAL>See attached addenda.</CONDITIONAPPRAISAL><ESTMARKETVALUE><AMT></AMT><DATE></DATE></ESTMARKETVALUE></RECONCIL><COSTAPPROACH><ESTSITEVALUEDESCRIPTION></ESTSITEVALUEDESCRIPTION><ESTIMATEDCOST><RESPONSE /></ESTIMATEDCOST><DATASOURCES><DESC></DESC><RATING></RATING><EFFECTIVE><DATE></DATE></EFFECTIVE></DATASOURCES><COMMENTSONCOST></COMMENTSONCOST><INDICATEDVALUECOST><TOT></TOT></INDICATEDVALUECOST><ESTSITEVALUE></ESTSITEVALUE><DWELLINGONE><SQFT></SQFT><SQFTAMT></SQFTAMT><AMTTOT></AMTTOT></DWELLINGONE><DWELLINGTWO DESCRIPTION=""><SQFT></SQFT><SQFTAMT></SQFTAMT><AMTTOT></AMTTOT></DWELLINGTWO><DWELLINGTHREE DESCRIPTION=""><AMTTOT></AMTTOT></DWELLINGTHREE><GARAGE><SQFT></SQFT><SQFTAMT></SQFTAMT><AMTTOT></AMTTOT></GARAGE><TOTESTCOSTNEWDESCRIPTION></TOTESTCOSTNEWDESCRIPTION><TOTESTCOSTNEW></TOTESTCOSTNEW><DEPRECIATION><PHYSICAL></PHYSICAL><FUNCTIONAL></FUNCTIONAL><EXTERNAL></EXTERNAL><TOT></TOT></DEPRECIATION><DEPRECIATEDVALUEIMPROVE></DEPRECIATEDVALUEIMPROVE><ASISVALUE></ASISVALUE></COSTAPPROACH><REVIEW><REPORTSECTION><PRIORSALES><RESPONSE /><COMMENTS></COMMENTS></PRIORSALES><SALESCOMP><SALESAGREEMENT /><SALESHISTORY></SALESHISTORY><SALE3YRPRIOR></SALE3YRPRIOR></SALESCOMP><SELLER><RESPONSE /><DATASOURCE></DATASOURCE></SELLER><NBRHOOD><DESCRIPTION></DESCRIPTION></NBRHOOD><ZONINGCOMPLIANCE><COMMENTS></COMMENTS></ZONINGCOMPLIANCE></REPORTSECTION></REVIEW><PUD><PROJ><NAME></NAME><TYPE /><TYPEDESCRIPTION></TYPEDESCRIPTION></PROJ><DEVELOPBUILDCONTROL /><PHASES><NUM></NUM></PHASES><UNITS><NUM></NUM><SOLD></SOLD><RENTED></RENTED><FORSALE></FORSALE><DATASRC></DATASRC></UNITS><CONVERSION><EXISTING /><DATE></DATE></CONVERSION><MULTIDWELLINGUNITS /><DATASRC></DATASRC><COMPLETION><COMMONELEMENTS /><STATUS></STATUS></COMPLETION><COMMONELEMENTSLEASED /><RENTALTERMS><DESCRIPTION></DESCRIPTION></RENTALTERMS><ELEMENTSRECREATIONAL></ELEMENTSRECREATIONAL></PUD><PROJINFO><OCCUPANCY><PROJ /></OCCUPANCY><STOCKOWNERSHIP VALUE="" /></PROJINFO><COMMENT><ADDITIONALFEATURES>Personal Property still on site will need to be removed.</ADDITIONALFEATURES><CONDITIONIMPROVE></CONDITIONIMPROVE></COMMENT><PROJANALYSIS><MGMTGROUP /></PROJANALYSIS><APPRAISER><NAME></NAME><LICCERTREV><RESPONSE /></LICCERTREV><COMPANY><NAME></NAME></COMPANY><ADDR><STREET></STREET></ADDR><PHONE></PHONE><EMAIL></EMAIL><SIGNED><DATE></DATE></SIGNED><STATECERT><NUM></NUM></STATECERT><STATELIC><NUM>123123123</NUM><STATEPROV>CA</STATEPROV></STATELIC><OTHER><NUM></NUM><DESCRIPTION></DESCRIPTION></OTHER><LICCERTEXP><DATE>07/31/2020</DATE></LICCERTEXP></APPRAISER><SUPAPPRAISER><NAME>bob the builder</NAME><COMPANY><NAME></NAME></COMPANY><ADDR><STREET></STREET></ADDR><PHONE></PHONE><EMAIL></EMAIL><SIGNED><DATE></DATE></SIGNED><STATECERT><NUM></NUM></STATECERT><STATELIC><NUM></NUM></STATELIC><LICCERTEXP><DATE></DATE></LICCERTEXP><INSPECTION><SUBJECTPROP /><COMPSALES /><SUBJECTEXTERIOR><DATE></DATE></SUBJECTEXTERIOR><SUBJECTINTERIOREXTERIOR><DATE></DATE></SUBJECTINTERIOREXTERIOR><COMPINTERIOREXTERIOR><DATE></DATE></COMPINTERIOREXTERIOR></INSPECTION></SUPAPPRAISER><ADDENDUMS><SIGNATURE><APPRAISER><FILENAME>Appraiser.jpg</FILENAME><FILETYPE>JPEG</FILETYPE></APPRAISER></SIGNATURE><ADDENDA ADDENDANUM="1"><NAME>Supplemental Addendum [Multi-page]</NAME><VALUE> Text Search  subsidized  or  subsidy  or  affordable housing  or  deed restricted  = True


* URAR : Conditions of Appraisal
What is in here asdfadjfakdjfkasdj

adsf dfkjad tabs  
</VALUE></ADDENDA><SUBJECTPHOTO /></ADDENDUMS><SALESCOMP><COMPSALES><NUM></NUM><PRICE><LOW></LOW><HIGH></HIGH></PRICE></COMPSALES><ANALYSISCURRENTAGREE>Text Search “subsidized” or “subsidy” or “affordable housing” or “deed restricted” = True</ANALYSISCURRENTAGREE><ANALYSISCURRENTAGREE2></ANALYSISCURRENTAGREE2><ANALYSISCURRENTAGREE3></ANALYSISCURRENTAGREE3><ANALYSISCURRENTAGREE4></ANALYSISCURRENTAGREE4><COMMENTSALESCOMPARE></COMMENTSALESCOMPARE><COMMENTSALESCOMPARE2></COMMENTSALESCOMPARE2><COMMENTSALESCOMPARE3></COMMENTSALESCOMPARE3><COMMENTSALESCOMPARE4></COMMENTSALESCOMPARE4><SUBJECT><ADDR><STREET>790 Lost Valley </STREET><CITY>Dripping Springs</CITY><STATEPROV>Tx</STATEPROV><ZIP>78620</ZIP><GEOCODE><LATITUDE /><LONGITUDE /></GEOCODE></ADDR><SALESPRICE></SALESPRICE><PRICEGROSSLIVING></PRICEGROSSLIVING><DATA></DATA><VERIFICATION></VERIFICATION><LOCATION></LOCATION><LEASEFEE>Leasehold</LEASEFEE><SITE></SITE><DESIGNSTYLE></DESIGNSTYLE><AGEYRS>12</AGEYRS><CONDITION></CONDITION><ABOVEGRADE><ROOMTOT>1</ROOMTOT><BEDROOMS>2</BEDROOMS><BATH>3.0</BATH></ABOVEGRADE><LIVINGSQFT>111</LIVINGSQFT><BASEMENT>subjbmt1</BASEMENT><BASEMENTFINISH>subjbsmt2</BASEMENTFINISH><HEATINGCOOL></HEATINGCOOL><HEATINGCOOLADJUST></HEATINGCOOLADJUST><GARAGE></GARAGE><UNLABELED NAME=""><DESCRIPTION></DESCRIPTION></UNLABELED><UNLABELEDTWO><NAME></NAME><DESCRIPTION></DESCRIPTION></UNLABELEDTWO><UNLABELEDTHREE><NAME></NAME><DESCRIPTION></DESCRIPTION></UNLABELEDTHREE><PRIORSALE><DATE></DATE><PRICE></PRICE><DATA></DATA><EFFECTIVE><DATE></DATE></EFFECTIVE></PRIORSALE><VIEW></VIEW><CONSTRUCT></CONSTRUCT><FUNCTIONAL></FUNCTIONAL><ENERGYEFF></ENERGYEFF><PORCHPATIO></PORCHPATIO></SUBJECT><COMPS COMPNUM="1"><ADDR><STREET></STREET><GEOCODE><LATITUDE></LATITUDE><LONGITUDE></LONGITUDE></GEOCODE></ADDR><PROXIMITY></PROXIMITY><SALESPRICE></SALESPRICE><PRICEGROSSLIVING></PRICEGROSSLIVING><DATA></DATA><VERIFICATION></VERIFICATION><CONCESSIONS><SALES><DESCRIPTION></DESCRIPTION><ADJUST></ADJUST></SALES><FINANCE><DESCRIPTION></DESCRIPTION><ADJUST></ADJUST></FINANCE></CONCESSIONS><SALE><DATE></DATE><ADJUST></ADJUST></SALE><LOCATION><DESCRIPTION></DESCRIPTION><ADJUST></ADJUST></LOCATION><LEASEFEE><DESCRIPTION></DESCRIPTION><ADJUST></ADJUST></LEASEFEE><SITE><DESCRIPTION></DESCRIPTION><ADJUST></ADJUST></SITE><DESIGNSTYLE><DESCRIPTION></DESCRIPTION><ADJUST></ADJUST></DESIGNSTYLE><AGEYRS AGEYRS=""><ADJUST></ADJUST></AGEYRS><EFFECTIVEAGEYRS AGEYRS=""><ADJUST></ADJUST></EFFECTIVEAGEYRS><CONDITION><DESCRIPTION></DESCRIPTION><ADJUST></ADJUST></CONDITION><ABOVEGRADE><ROOMTOT></ROOMTOT><BEDROOMS></BEDROOMS><BATH></BATH><ADJUST></ADJUST><ADJUST2></ADJUST2></ABOVEGRADE><LIVINGSQFT><SQFT></SQFT><ADJUST></ADJUST></LIVINGSQFT><BASEMENT><DESCRIPTION></DESCRIPTION><ADJUST></ADJUST></BASEMENT><BASEMENTFINISH><DESCRIPTION></DESCRIPTION><ADJUST></ADJUST></BASEMENTFINISH><HEATINGCOOL><DESCRIPTION></DESCRIPTION><ADJUST></ADJUST></HEATINGCOOL><GARAGE><DESCRIPTION></DESCRIPTION><ADJUST></ADJUST></GARAGE><UNLABELED><DESCRIPTION></DESCRIPTION><ADJUST></ADJUST></UNLABELED><UNLABELEDTWO><DESCRIPTION></DESCRIPTION><ADJUST></ADJUST></UNLABELEDTWO><UNLABELEDTHREE><DESCRIPTION></DESCRIPTION><ADJUST></ADJUST></UNLABELEDTHREE><NETADJUST><POSNEG /><TOT></TOT></NETADJUST><ADJUSTSALESNET></ADJUSTSALESNET><ADJUSTSALESGROSS></ADJUSTSALESGROSS><ADJUSTSALESPRICE></ADJUSTSALESPRICE><PRIORSALE><DATE></DATE><PRICE></PRICE><DATA></DATA><EFFECTIVE><DATE></DATE></EFFECTIVE></PRIORSALE><VIEW><DESCRIPTION></DESCRIPTION><ADJUST></ADJUST></VIEW><CONSTRUCT><DESCRIPTION></DESCRIPTION><ADJUST></ADJUST></CONSTRUCT><FUNCTIONAL><DESCRIPTION></DESCRIPTION><ADJUST></ADJUST></FUNCTIONAL><ENERGYEFF><DESCRIPTION></DESCRIPTION><ADJUST></ADJUST></ENERGYEFF><PORCHPATIO><DESCRIPTION></DESCRIPTION><ADJUST></ADJUST></PORCHPATIO></COMPS><COMPS COMPNUM="2"><ADDR><STREET></STREET><GEOCODE><LATITUDE></LATITUDE><LONGITUDE></LONGITUDE></GEOCODE></ADDR><PROXIMITY></PROXIMITY><SALESPRICE></SALESPRICE><PRICEGROSSLIVING></PRICEGROSSLIVING><DATA></DATA><VERIFICATION></VERIFICATION><CONCESSIONS><SALES><DESCRIPTION></DESCRIPTION><ADJUST></ADJUST></SALES><FINANCE><DESCRIPTION></DESCRIPTION><ADJUST></ADJUST></FINANCE></CONCESSIONS><SALE><DATE></DATE><ADJUST></ADJUST></SALE><LOCATION><DESCRIPTION></DESCRIPTION><ADJUST></ADJUST></LOCATION><LEASEFEE><DESCRIPTION></DESCRIPTION><ADJUST></ADJUST></LEASEFEE><SITE><DESCRIPTION></DESCRIPTION><ADJUST></ADJUST></SITE><DESIGNSTYLE><DESCRIPTION></DESCRIPTION><ADJUST></ADJUST></DESIGNSTYLE><AGEYRS AGEYRS=""><ADJUST></ADJUST></AGEYRS><EFFECTIVEAGEYRS AGEYRS=""><ADJUST></ADJUST></EFFECTIVEAGEYRS><CONDITION><DESCRIPTION></DESCRIPTION><ADJUST></ADJUST></CONDITION><ABOVEGRADE><ROOMTOT></ROOMTOT><BEDROOMS></BEDROOMS><BATH></BATH><ADJUST></ADJUST><ADJUST2></ADJUST2></ABOVEGRADE><LIVINGSQFT><SQFT></SQFT><ADJUST></ADJUST></LIVINGSQFT><BASEMENT><DESCRIPTION></DESCRIPTION><ADJUST></ADJUST></BASEMENT><BASEMENTFINISH><DESCRIPTION></DESCRIPTION><ADJUST></ADJUST></BASEMENTFINISH><HEATINGCOOL><DESCRIPTION></DESCRIPTION><ADJUST></ADJUST></HEATINGCOOL><GARAGE><DESCRIPTION></DESCRIPTION><ADJUST></ADJUST></GARAGE><UNLABELED><DESCRIPTION></DESCRIPTION><ADJUST></ADJUST></UNLABELED><UNLABELEDTWO><DESCRIPTION></DESCRIPTION><ADJUST></ADJUST></UNLABELEDTWO><UNLABELEDTHREE><DESCRIPTION></DESCRIPTION><ADJUST></ADJUST></UNLABELEDTHREE><NETADJUST><POSNEG /><TOT></TOT></NETADJUST><ADJUSTSALESNET></ADJUSTSALESNET><ADJUSTSALESGROSS></ADJUSTSALESGROSS><ADJUSTSALESPRICE></ADJUSTSALESPRICE><PRIORSALE><DATE></DATE><PRICE></PRICE><DATA></DATA><EFFECTIVE><DATE></DATE></EFFECTIVE></PRIORSALE><VIEW><DESCRIPTION></DESCRIPTION><ADJUST></ADJUST></VIEW><CONSTRUCT><DESCRIPTION></DESCRIPTION><ADJUST></ADJUST></CONSTRUCT><FUNCTIONAL><DESCRIPTION></DESCRIPTION><ADJUST></ADJUST></FUNCTIONAL><ENERGYEFF><DESCRIPTION></DESCRIPTION><ADJUST></ADJUST></ENERGYEFF><PORCHPATIO><DESCRIPTION></DESCRIPTION><ADJUST></ADJUST></PORCHPATIO></COMPS><COMPS COMPNUM="3"><ADDR><STREET></STREET><GEOCODE><LATITUDE></LATITUDE><LONGITUDE></LONGITUDE></GEOCODE></ADDR><PROXIMITY></PROXIMITY><SALESPRICE></SALESPRICE><PRICEGROSSLIVING></PRICEGROSSLIVING><DATA></DATA><VERIFICATION></VERIFICATION><CONCESSIONS><SALES><DESCRIPTION></DESCRIPTION><ADJUST></ADJUST></SALES><FINANCE><DESCRIPTION></DESCRIPTION><ADJUST></ADJUST></FINANCE></CONCESSIONS><SALE><DATE></DATE><ADJUST></ADJUST></SALE><LOCATION><DESCRIPTION></DESCRIPTION><ADJUST></ADJUST></LOCATION><LEASEFEE><DESCRIPTION></DESCRIPTION><ADJUST></ADJUST></LEASEFEE><SITE><DESCRIPTION></DESCRIPTION><ADJUST></ADJUST></SITE><DESIGNSTYLE><DESCRIPTION></DESCRIPTION><ADJUST></ADJUST></DESIGNSTYLE><AGEYRS AGEYRS=""><ADJUST></ADJUST></AGEYRS><EFFECTIVEAGEYRS AGEYRS=""><ADJUST></ADJUST></EFFECTIVEAGEYRS><CONDITION><DESCRIPTION></DESCRIPTION><ADJUST></ADJUST></CONDITION><ABOVEGRADE><ROOMTOT></ROOMTOT><BEDROOMS></BEDROOMS><BATH></BATH><ADJUST></ADJUST><ADJUST2></ADJUST2></ABOVEGRADE><LIVINGSQFT><SQFT></SQFT><ADJUST></ADJUST></LIVINGSQFT><BASEMENT><DESCRIPTION></DESCRIPTION><ADJUST></ADJUST></BASEMENT><BASEMENTFINISH><DESCRIPTION></DESCRIPTION><ADJUST></ADJUST></BASEMENTFINISH><HEATINGCOOL><DESCRIPTION></DESCRIPTION><ADJUST></ADJUST></HEATINGCOOL><GARAGE><DESCRIPTION></DESCRIPTION><ADJUST></ADJUST></GARAGE><UNLABELED><DESCRIPTION></DESCRIPTION><ADJUST></ADJUST></UNLABELED><UNLABELEDTWO><DESCRIPTION></DESCRIPTION><ADJUST></ADJUST></UNLABELEDTWO><UNLABELEDTHREE><DESCRIPTION></DESCRIPTION><ADJUST></ADJUST></UNLABELEDTHREE><NETADJUST><POSNEG /><TOT></TOT></NETADJUST><ADJUSTSALESNET></ADJUSTSALESNET><ADJUSTSALESGROSS></ADJUSTSALESGROSS><ADJUSTSALESPRICE></ADJUSTSALESPRICE><PRIORSALE><DATE></DATE><PRICE></PRICE><DATA></DATA><EFFECTIVE><DATE></DATE></EFFECTIVE></PRIORSALE><VIEW><DESCRIPTION></DESCRIPTION><ADJUST></ADJUST></VIEW><CONSTRUCT><DESCRIPTION></DESCRIPTION><ADJUST></ADJUST></CONSTRUCT><FUNCTIONAL><DESCRIPTION></DESCRIPTION><ADJUST></ADJUST></FUNCTIONAL><ENERGYEFF><DESCRIPTION></DESCRIPTION><ADJUST></ADJUST></ENERGYEFF><PORCHPATIO><DESCRIPTION></DESCRIPTION><ADJUST></ADJUST></PORCHPATIO></COMPS></SALESCOMP><LISTINGCOMP><NUM></NUM><PRICE><LOW></LOW><HIGH></HIGH></PRICE><UNLABELED><NAME>ITEM1</NAME><DESCRIPTION>item1subj</DESCRIPTION></UNLABELED><UNLABELEDTWO><NAME>ITEM2</NAME><DESCRIPTION></DESCRIPTION></UNLABELEDTWO><UNLABELEDTHREE><NAME>ITEM3</NAME><DESCRIPTION></DESCRIPTION></UNLABELEDTHREE><SUBJECT><ADDR><STREET>790 Lost Valley </STREET><CITY>Dripping Springs</CITY><STATEPROV>Tx</STATEPROV><ZIP>78620</ZIP></ADDR><LISTINGPRICE>123,456</LISTINGPRICE><REVISIONDATE></REVISIONDATE><PRICEGROSSLIVING>1,112.22</PRICEGROSSLIVING><DATA>SUBJDATA</DATA><VERIFICATION>subjdataverif</VERIFICATION><CONCESSIONS><SALES>concsubj</SALES><FINANCE></FINANCE></CONCESSIONS><LOCATION></LOCATION><LEASEFEE></LEASEFEE><SITE></SITE><VIEW></VIEW><DESIGNSTYLE></DESIGNSTYLE><CONSTRUCT></CONSTRUCT><AGEYRS>12</AGEYRS><CONDITION></CONDITION><ABOVEGRADE><ROOMTOT>1</ROOMTOT><BEDROOMS>2</BEDROOMS><BATH>3</BATH></ABOVEGRADE><LIVINGSQFT>111</LIVINGSQFT><BASEMENT>subjbmt1</BASEMENT><BASEMENTFINISH>subjbsmt2</BASEMENTFINISH><FUNCTIONAL></FUNCTIONAL><HEATINGCOOL></HEATINGCOOL><ENERGYEFF></ENERGYEFF><GARAGE></GARAGE><PORCHPATIO></PORCHPATIO><PRIORSALE><DATE></DATE><PRICE></PRICE><DATA></DATA><EFFECTIVE><DATE></DATE></EFFECTIVE></PRIORSALE></SUBJECT></LISTINGCOMP></FORMINFO>