<?xml version="1.0" encoding="utf-8"?><VALUATION_RESPONSE MISMOVersionID="2.6GSE"><REPORT USPAPReportDescription="790 Lost Valley, Dripping Springs, Tx 78620" AppraiserFileIdentifier="" AppraiserAdditionalFileIdentifierName="Other File Number" AppraiserAdditionalFileIdentifier="" AppraisalSoftwareProductName="a la mode - Titan" AppraisalSoftwareProductVersionIdentifier="1.0" AppraiserReportSignedDate="" SupervisorReportSignedDate="" AppraisalFormType="FNM1004" _TitleDescription="Uniform Residential Appraisal Report" AppraisalFormVersionIdentifier="2005" OtherLoanPurposeDescription="" AppraisalPurposeTypeOtherDescription=""><FORM AppraisalReportContentSequenceIdentifier="1" AppraisalReportContentType="AppraisalForm" AppraisalReportContentName="URAR [UAD Version]" AppraisalReportContentIdentifier="UAD Version 9/2011" AppraisalReportContentIsPrimaryFormIndicator="Y" /></REPORT><PARTIES><APPRAISER _Name="" _CompanyName="" _StreetAddress="" _City="" _State="" _PostalCode=""><CONTACT_DETAIL><CONTACT_POINT _Type="Phone" _Value="" /><CONTACT_POINT _Type="Email" _Value="" /></CONTACT_DETAIL><APPRAISER_LICENSE _Type="License" _Identifier="123123123" _ExpirationDate="2020-07-31" _State="CA" /><INSPECTION AppraisalInspectionPropertyType="Subject" InspectionDate="" /></APPRAISER><SUPERVISOR _Name="bob the builder" _CompanyName="" _StreetAddress="" _City="" _State="" _PostalCode=""><CONTACT_DETAIL><CONTACT_POINT _Type="Phone" _Value="" /><CONTACT_POINT _Type="Email" _Value="" /></CONTACT_DETAIL><APPRAISER_LICENSE _ExpirationDate="" _State="" /><INSPECTION AppraisalInspectionPropertyType="Comparable" /></SUPERVISOR><REVIEW_APPRAISER /><REAL_ESTATE_AGENT><CONTACT_DETAIL /></REAL_ESTATE_AGENT><LENDER _UnparsedName="" AppraisalFormsUnparsedAddress="" _StreetAddress=""><CONTACT_DETAIL _Name=""><CONTACT_POINT _Type="Email" _Value="" /></CONTACT_DETAIL></LENDER><BORROWER _UnparsedName="1004 with additional comps"><BORROWER_EXTENSION><BORROWER_EXTENSION_SECTION ExtensionSectionOrganizationName="UNIFORM APPRAISAL DATASET"><BORROWER_EXTENSION_SECTION_DATA><BORROWER_NAME GSEBorrowerName="1004 with additional comps" /></BORROWER_EXTENSION_SECTION_DATA></BORROWER_EXTENSION_SECTION></BORROWER_EXTENSION></BORROWER><MANAGEMENT_COMPANY_EXTENSION><MANAGEMENT_COMPANY_EXTENSION_SECTION ExtensionSectionOrganizationName="UNIFORM APPRAISAL DATASET"><MANAGEMENT_COMPANY_EXTENSION_SECTION_DATA><MANAGEMENT_COMPANY GSEManagementCompanyName="No AMC" /></MANAGEMENT_COMPANY_EXTENSION_SECTION_DATA></MANAGEMENT_COMPANY_EXTENSION_SECTION></MANAGEMENT_COMPANY_EXTENSION></PARTIES><PROPERTY _StreetAddress="790 Lost Valley" _City="Dripping Springs" _State="Tx" _PostalCode="78620" _County="REO COUNTY" _RightsType="Leasehold" _RightsTypeOtherDescription=""><_IDENTIFICATION AssessorsParcelIdentifier="" MapReferenceIdentifier="" CensusTractIdentifier=""><PROPERTY_IDENTIFICATION_EXTENSION><PROPERTY_IDENTIFICATION_EXTENSION_SECTION ExtensionSectionOrganizationName="UNIFORM APPRAISAL DATASET"><PROPERTY_IDENTIFICATION_EXTENSION_SECTION_DATA><PARCEL_IDENTIFIER GSEAssessorsParcelIdentifier="" /></PROPERTY_IDENTIFICATION_EXTENSION_SECTION_DATA></PROPERTY_IDENTIFICATION_EXTENSION_SECTION></PROPERTY_IDENTIFICATION_EXTENSION></_IDENTIFICATION><_LEGAL_DESCRIPTION _Type="Other" _TypeOtherDescription="LongLegal" _TextDescription="REO LEGAL" /><STRUCTURE StoriesCount="" _DesignDescription="" PropertyStructureBuiltYear="2011" TotalRoomCount="1" TotalBedroomCount="2" TotalBathroomCount="3.0" GrossLivingAreaSquareFeetCount="111"><FOUNDATION _Type="Basement" _ConditionDescription="Full" _ExistsIndicator="N"><_CONDITION _Type="Infestation" _Comment="" /></FOUNDATION><BASEMENT SquareFeetCount="" _FinishedPercent="" /><INTERIOR_FEATURE _Type="Floors" _ConditionDescription="" /><INTERIOR_FEATURE _Type="Walls" _ConditionDescription="" /><INTERIOR_FEATURE _Type="TrimAndFinish" _ConditionDescription="" /><INTERIOR_FEATURE _Type="BathroomFloors" _ConditionDescription="" /><INTERIOR_FEATURE _Type="BathroomWainscot" _ConditionDescription="" /><HEATING _FuelDescription="" /><COOLING /><KITCHEN_EQUIPMENT _Type="Other" _TypeOtherDescription="" /><ATTIC /><AMENITY _Type="WoodStove" _Count="" /><AMENITY _Type="Fireplace" _ExistsIndicator="N" _Count="" /><AMENITY _Type="Fence" _DetailedDescription="" /><AMENITY _Type="Patio" _DetailedDescription="" /><AMENITY _Type="Porch" _DetailedDescription="" /><AMENITY _Type="Pool" _ExistsIndicator="N" _DetailedDescription="" /><AMENITY _Type="Other" _TypeOtherDescription="" /><CAR_STORAGE><CAR_STORAGE_LOCATION _Type="Driveway" ParkingSpacesCount="" /><CAR_STORAGE_LOCATION _Type="Garage" ParkingSpacesCount="" /><CAR_STORAGE_LOCATION _Type="Carport" ParkingSpacesCount="" /></CAR_STORAGE><STRUCTURE_ANALYSIS EffectiveAgeYearsCount="1"><STRUCTURE_ANALYSIS_RATING /><STRUCTURE_ANALYSIS_EXTENSION><STRUCTURE_ANALYSIS_EXTENSION_SECTION ExtensionSectionOrganizationName="UNIFORM APPRAISAL DATASET"><STRUCTURE_ANALYSIS_EXTENSION_SECTION_DATA><EFFECTIVE_AGE GSEEffectiveAgeDescription="1" /></STRUCTURE_ANALYSIS_EXTENSION_SECTION_DATA></STRUCTURE_ANALYSIS_EXTENSION_SECTION></STRUCTURE_ANALYSIS_EXTENSION></STRUCTURE_ANALYSIS><CONDITION_DETAIL_EXTENSION><CONDITION_DETAIL_EXTENSION_SECTION ExtensionSectionOrganizationName="UNIFORM APPRAISAL DATASET"><CONDITION_DETAIL_EXTENSION_SECTION_DATA><CONDITION_DETAIL _SequenceIdentifier="1" GSEImprovementAreaType="Kitchen" /><CONDITION_DETAIL _SequenceIdentifier="2" GSEImprovementAreaType="Bathrooms" /></CONDITION_DETAIL_EXTENSION_SECTION_DATA></CONDITION_DETAIL_EXTENSION_SECTION></CONDITION_DETAIL_EXTENSION><OVERALL_CONDITION_RATING_EXTENSION><OVERALL_CONDITION_RATING_EXTENSION_SECTION ExtensionSectionOrganizationName="UNIFORM APPRAISAL DATASET"><OVERALL_CONDITION_RATING_EXTENSION_SECTION_DATA><OVERALL_CONDITION_RATING GSEUpdateLastFifteenYearIndicator="Y" /></OVERALL_CONDITION_RATING_EXTENSION_SECTION_DATA></OVERALL_CONDITION_RATING_EXTENSION_SECTION></OVERALL_CONDITION_RATING_EXTENSION><STRUCTURE_EXTENSION><STRUCTURE_EXTENSION_SECTION ExtensionSectionOrganizationName="UNIFORM APPRAISAL DATASET"><STRUCTURE_EXTENSION_SECTION_DATA><STRUCTURE_INFORMATION GSEYearBuiltEstimationIndicator="N" GSEStoriesCount="" /></STRUCTURE_EXTENSION_SECTION_DATA></STRUCTURE_EXTENSION_SECTION></STRUCTURE_EXTENSION></STRUCTURE><_OFF_SITE_IMPROVEMENT _Type="Street" _Description="" _OwnershipType="Public" _ExistsIndicator="N" /><_OFF_SITE_IMPROVEMENT _Type="Street" _Description="" _OwnershipType="Private" _ExistsIndicator="N" /><_OFF_SITE_IMPROVEMENT _Type="Alley" _Description="" _OwnershipType="Public" _ExistsIndicator="N" /><_OFF_SITE_IMPROVEMENT _Type="Alley" _Description="" _OwnershipType="Private" _ExistsIndicator="N" /><SITE _DimensionsDescription="" _AreaDescription="" _ZoningClassificationIdentifier="" _ZoningClassificationDescription="" _ZoningComplianceDescription="" HighestBestUseDescription=""><SITE_FEATURE _Type="Shape" _Comment="" /><SITE_FEATURE _Type="View" _Comment="" /><SITE_FEATURE _Type="Driveway" _Comment="" /><FLOOD_ZONE NFIPFloodZoneIdentifier="" NFIPMapIdentifier="" NFIPMapPanelDate=""><FLOOD_ZONE_EXTENSION><FLOOD_ZONE_EXTENSION_SECTION ExtensionSectionOrganizationName="UNIFORM APPRAISAL DATASET"><FLOOD_ZONE_EXTENSION_SECTION_DATA><FLOOD_ZONE_INFORMATION GSENFIPFloodZoneIdentifier="" GSEFEMAFloodMapIdentifier="" /></FLOOD_ZONE_EXTENSION_SECTION_DATA></FLOOD_ZONE_EXTENSION_SECTION></FLOOD_ZONE_EXTENSION></FLOOD_ZONE><SITE_UTILITY _Type="Electricity" _PublicIndicator="N" _NonPublicIndicator="N" _NonPublicDescription="" /><SITE_UTILITY _Type="Gas" _PublicIndicator="N" _NonPublicIndicator="N" _NonPublicDescription="" /><SITE_UTILITY _Type="Water" _PublicIndicator="N" _NonPublicIndicator="N" _NonPublicDescription="" /><SITE_UTILITY _Type="SanitarySewer" _PublicIndicator="N" _NonPublicIndicator="N" _NonPublicDescription="" /></SITE><PROJECT _Name="" _ConversionDate="" _ContainsMultipleDwellingUnitsDataSourceDescription="" _CommonElementsStatusDescription="" _CommonElementsLeaseTermsDescription="" _CommonElementsDescription=""><DEVELOPMENT_STAGE _TotalPhasesCount="" CompletedUnitsCount="" PlannedUnitsCount="" UnitsSoldCount="" UnitsRentedCount="" UnitsForSaleCount="" DataSourceDescription="" /><_PER_UNIT_FEE _Amount="" /></PROJECT><NEIGHBORHOOD _Name="" PropertyNeighborhoodLocationType="Suburban" _BuiltupRangeType="Over75Percent" _GrowthPaceType="Stable" _PropertyValueTrendType="Stable" _DemandSupplyType="Shortage" _TypicalMarketingTimeDurationType="UnderThreeMonths" _BoundaryAndCharacteristicsDescription="" _Description="" _MarketConditionsDescription=""><_HOUSING _Type="SingleFamily" _LowPriceAmount="" _HighPriceAmount="" _PredominantPriceAmount="" _OldestYearsCount="" _NewestYearsCount="" _PredominantAgeYearsCount="" /><_PRESENT_LAND_USE _Type="SingleFamily" _Percent="" /><_PRESENT_LAND_USE _Type="TwoToFourFamily" _Percent="" /><_PRESENT_LAND_USE _Type="Apartment" _Percent="" /><_PRESENT_LAND_USE _Type="Commercial" _Percent="" /><_PRESENT_LAND_USE _Type="Other" _TypeOtherDescription="Other" _Percent="" /><NEIGHBORHOOD_EXTENSION><NEIGHBORHOOD_EXTENSION_SECTION ExtensionSectionOrganizationName="UNIFORM APPRAISAL DATASET"><NEIGHBORHOOD_EXTENSION_SECTION_DATA><NEIGHBORHOOD_BOUNDARIES GSENeighborhoodBoundariesDescription="" /></NEIGHBORHOOD_EXTENSION_SECTION_DATA></NEIGHBORHOOD_EXTENSION_SECTION></NEIGHBORHOOD_EXTENSION></NEIGHBORHOOD><_TAX _YearIdentifier="" _TotalTaxAmount="" _TotalSpecialTaxAmount=""><PROPERTY_TAX_EXTENSION><PROPERTY_TAX_EXTENSION_SECTION ExtensionSectionOrganizationName="UNIFORM APPRAISAL DATASET"><PROPERTY_TAX_EXTENSION_SECTION_DATA><PROPERTY_TAX_AMOUNT GSEPropertyTaxTotalTaxAmount="" /></PROPERTY_TAX_EXTENSION_SECTION_DATA></PROPERTY_TAX_EXTENSION_SECTION></PROPERTY_TAX_EXTENSION></_TAX><LISTING_HISTORY ListedWithinPreviousYearDescription="" /><PROPERTY_ANALYSIS _Type="AdditionalFeatures" _Comment="Personal Property still on site will need to be removed." /><PROPERTY_ANALYSIS _Type="QualityAndAppearance" _Comment="" /><PROPERTY_ANALYSIS _Type="PhysicalDeficiency" _Comment="" /><PROPERTY_ANALYSIS _Type="ConformsToNeighborhood" _Comment="" /><PROPERTY_ANALYSIS _Type="UtilitiesAndOffSiteImprovementsConformToNeighborhood" _ExistsIndicator="N" _Comment="test" /><PROPERTY_ANALYSIS _Type="AdverseSiteConditions" _Comment="" /><PROPERTY_ANALYSIS _Type="PropertyCondition" _Comment="" /><_OWNER _Name=""><CONTACT_DETAIL /><PROPERTY_OWNER_EXTENSION><PROPERTY_OWNER_EXTENSION_SECTION ExtensionSectionOrganizationName="UNIFORM APPRAISAL DATASET"><PROPERTY_OWNER_EXTENSION_SECTION_DATA><PROPERTY_OWNER GSEPropertyOwnerName="" /></PROPERTY_OWNER_EXTENSION_SECTION_DATA></PROPERTY_OWNER_EXTENSION_SECTION></PROPERTY_OWNER_EXTENSION></_OWNER><SALES_CONTRACT _ReviewComment="" _Amount="" _Date="" DataSourceDescription="" SalesConcessionAmount="" SalesConcessionDescription=""><SALES_CONCESSION_EXTENSION><SALES_CONCESSION_EXTENSION_SECTION ExtensionSectionOrganizationName="UNIFORM APPRAISAL DATASET"><SALES_CONCESSION_EXTENSION_SECTION_DATA><SALES_CONCESSION GSEUndefinedConcessionAmountIndicator="N" /></SALES_CONCESSION_EXTENSION_SECTION_DATA></SALES_CONCESSION_EXTENSION_SECTION></SALES_CONCESSION_EXTENSION></SALES_CONTRACT><PROPERTY_EXTENSION><PROPERTY_EXTENSION_SECTION ExtensionSectionOrganizationName="UNIFORM APPRAISAL DATASET"><PROPERTY_EXTENSION_SECTION_DATA><PROPERTY_TYPE GSE_PUDIndicator="N" /></PROPERTY_EXTENSION_SECTION_DATA></PROPERTY_EXTENSION_SECTION></PROPERTY_EXTENSION></PROPERTY><VALUATION_METHODS _AdditionalDescription="Personal Property&#xA;See my attached Resume"><COST_ANALYSIS SiteEstimatedValueComment="" DataSourceDescription="" CostServiceQualityRatingDescription="" DataSourceEffectiveDate="" _Comment="" EstimatedRemainingEconomicLifeYearsCount="" SiteEstimatedValueAmount="" NewImprovementTotalCostAmount="" NewImprovementDepreciatedCostAmount="" SiteOtherImprovementsAsIsAmount="" ValueIndicatedByCostApproachAmount=""><NEW_IMPROVEMENT _Type="Dwelling" SquareFeetCount="" PricePerSquareFootAmount="" _CostAmount="" /><NEW_IMPROVEMENT _Type="Other" _TypeOtherDescription="" SquareFeetCount="" PricePerSquareFootAmount="" _CostAmount="" /><NEW_IMPROVEMENT _Type="Additional" _SequenceIdentifier="1" _CostDescription="" _CostAmount="" /><NEW_IMPROVEMENT _Type="Garage" SquareFeetCount="" PricePerSquareFootAmount="" _CostAmount="" /><DEPRECIATION _PhysicalPercent="" _PhysicalAmount="" _FunctionalPercent="" _FunctionalAmount="" _ExteriorPercent="" _ExteriorAmount="" _TotalAmount="" /><COST_ANALYSIS_EXTENSION><COST_ANALYSIS_EXTENSION_SECTION ExtensionSectionOrganizationName="UNIFORM APPRAISAL DATASET"><COST_ANALYSIS_EXTENSION_SECTION_DATA><COST_APPROACH_DATA_SOURCE GSECostDataSourceEffectiveDateDescription="" /></COST_ANALYSIS_EXTENSION_SECTION_DATA></COST_ANALYSIS_EXTENSION_SECTION></COST_ANALYSIS_EXTENSION></COST_ANALYSIS><SALES_COMPARISON _CurrentSalesAgreementAnalysisComment="Text Search “subsidized” or “subsidy” or “affordable housing” or “deed restricted” = True" _Comment="" ValueIndicatedBySalesComparisonApproachAmount=""><RESEARCH ComparableListingsResearchedCount="" ComparableListingsPriceRangeLowAmount="" ComparableListingsPriceRangeHighAmount="" ComparableSalesResearchedCount="" ComparableSalesPriceRangeLowAmount="" ComparableSalesPriceRangeHighAmount="" SalesHistoryNotResearchedComment=""><SUBJECT DataSourceDescription="" /><COMPARABLE DataSourceDescription="" /></RESEARCH><COMPARABLE_SALE PropertySequenceIdentifier="0" PropertySalesAmount="" SalesPricePerGrossLivingAreaAmount=""><LOCATION LatitudeNumber="" LongitudeNumber="" PropertyStreetAddress="790 Lost Valley" PropertyStreetAddress2="Dripping Springs, Tx 78620" /><ROOM_ADJUSTMENT TotalRoomCount="1" TotalBedroomCount="2" TotalBathroomCount="3.0" /><SALE_PRICE_ADJUSTMENT _Type="Location" _Description="" /><SALE_PRICE_ADJUSTMENT _Type="PropertyRights" _Description="Leasehold" /><SALE_PRICE_ADJUSTMENT _Type="SiteArea" _Description="" /><SALE_PRICE_ADJUSTMENT _Type="View" _Description="" /><SALE_PRICE_ADJUSTMENT _Type="DesignStyle" _Description="" /><SALE_PRICE_ADJUSTMENT _Type="Quality" _Description="" /><SALE_PRICE_ADJUSTMENT _Type="Age" _Description="12" /><SALE_PRICE_ADJUSTMENT _Type="Condition" _Description="" /><SALE_PRICE_ADJUSTMENT _Type="GrossLivingArea" _Description="111" /><SALE_PRICE_ADJUSTMENT _Type="BasementArea" _Description="subjbmt1" /><SALE_PRICE_ADJUSTMENT _Type="BasementFinish" _Description="subjbsmt2" /><SALE_PRICE_ADJUSTMENT _Type="FunctionalUtility" _Description="" /><SALE_PRICE_ADJUSTMENT _Type="HeatingCooling" _Description="" /><SALE_PRICE_ADJUSTMENT _Type="EnergyEfficient" _Description="" /><SALE_PRICE_ADJUSTMENT _Type="CarStorage" _Description="" /><SALE_PRICE_ADJUSTMENT _Type="PorchDeck" _Description="" /><SALE_PRICE_ADJUSTMENT _Type="Other" _TypeOtherDescription="" _Description="" /><SALE_PRICE_ADJUSTMENT _Type="Other" _TypeOtherDescription="" _Description="" /><SALE_PRICE_ADJUSTMENT _Type="Other" _TypeOtherDescription="" _Description="" /><PRIOR_SALES PropertySalesDate="" PropertySalesAmount="" DataSourceDescription="" DataSourceEffectiveDate=""><PRIOR_SALES_EXTENSION><PRIOR_SALES_EXTENSION_SECTION ExtensionSectionOrganizationName="UNIFORM APPRAISAL DATASET"><PRIOR_SALES_EXTENSION_SECTION_DATA><PRIOR_SALE GSEPriorSaleDate="" GSEPriorSaleComment="Text Search “subsidized” or “subsidy” or “affordable housing” or “deed restricted” = True" /></PRIOR_SALES_EXTENSION_SECTION_DATA></PRIOR_SALES_EXTENSION_SECTION></PRIOR_SALES_EXTENSION></PRIOR_SALES><COMPARISON_DETAIL_EXTENSION><COMPARISON_DETAIL_EXTENSION_SECTION ExtensionSectionOrganizationName="UNIFORM APPRAISAL DATASET"><COMPARISON_DETAIL_EXTENSION_SECTION_DATA><COMPARISON_DETAIL GSEDaysOnMarketDescription="" GSEAgeEstimationIndicator="N" GSEBelowGradeTotalSquareFeetNumber="" /></COMPARISON_DETAIL_EXTENSION_SECTION_DATA></COMPARISON_DETAIL_EXTENSION_SECTION></COMPARISON_DETAIL_EXTENSION></COMPARABLE_SALE></SALES_COMPARISON><INCOME_ANALYSIS ValueIndicatedByIncomeApproachAmount="" EstimatedMarketMonthlyRentAmount="" GrossRentMultiplierFactor="" _Comment="" /></VALUATION_METHODS><VALUATION PropertyAppraisedValueAmount="" AppraisalEffectiveDate=""><_RECONCILIATION _SummaryComment="" _ConditionsComment="See attached addenda. What is in here asdfadjfakdjfkasdj&#xA;&#xA;adsf dfkjad tabs “" /></VALUATION></VALUATION_RESPONSE>